{"cameraMode":{"drawMode":0,"name":"Shaded","section":"Shading Mode"},"sceneLighting":false,"audioPlay":false,"sceneViewState":{"showFog":false,"showMaterialUpdate":false,"showSkybox":true,"showFlares":true,"showImageEffects":true,"showParticleSystems":true},"in2DMode":false,"pivot":{"x":356.0640869140625,"y":-88.30206298828125,"z":21.61468505859375},"rotation":{"x":0.011588145047426224,"y":0.9503142833709717,"z":-0.3090284466743469,"w":0.035635996609926227},"size":1143.4189453125,"orthographic":false}